{
  "manifestVersion": "1.2.0",
  "requirements": {
    "plugin.api.version": "1.2.0"
  },
  "configuration": {
    "nameKey": "plugin.name"
  },
  "internal": {
    "views": {
      "clusterQuickstart": {
        "uri": "index.html?viewId=hciCluster&viewType=view"
      }
    }
  },
  "objects": {
    "ClusterComputeResource": {
      "summary": {
        "view": {
          "uri": "index.html?viewId=clusterSummaryPortlet&viewType=portlet",
          "size": {
            "widthSpan": 1,
            "heightSpan": 2
          },
          "relevanceFilteringConditions": {
            "booleanProperties": {
              "condition": [
                "isVsanEnabled"
              ],
              "resourceModels": [
                "com.vmware.vsan.ClusterModel"
              ]
            }
          }
        }
      },
      "configure": {
        "forceExpand": true,
        "views": [
          {
            "navigationId": "com.vmware.vsan.client.h5vsanui.cluster.configure.vsan.generalConfig",
            "isPublic": true,
            "labelKey": "com.vmware.vsan.client.h5vsanui.cluster.configure.vsan.generalConfig",
            "uri": "index.html?viewId=services&viewType=view"
          },
          {
            "navigationId": "com.vmware.vsan.client.h5vsanui.cluster.configure.vsan.diskManagement",
            "isPublic": true,
            "labelKey": "com.vmware.vsan.client.h5vsanui.cluster.configure.vsan.diskManagement",
            "uri": "index.html?viewId=diskManagement&viewType=view",
            "relevanceFilteringConditions": {
              "booleanProperties": {
                "condition": [
                  [
                    "isVsanEnabled"
                  ],
                  [
                    "!isPoweredOff"
                  ]
                ],
                "resourceModels": [
                  "com.vmware.vsan.ClusterModel"
                ]
              }
            }
          },
          {
            "navigationId": "com.vmware.vsan.client.h5vsanui.cluster.configure.vsan.faultDomains",
            "isPublic": true,
            "labelKey": "com.vmware.vsan.client.h5vsanui.cluster.configure.vsan.faultDomains",
            "uri": "index.html?viewId=faultDomains&viewType=view",
            "relevanceFilteringConditions": {
              "booleanProperties": {
                "condition": [
                  [
                    "isVsanEnabled"
                  ],
                  [
                    "!isPoweredOff"
                  ]
                ],
                "resourceModels": [
                  "com.vmware.vsan.ClusterModel"
                ]
              }
            }
          },
          {
            "navigationId": "com.vmware.vsan.client.h5vsanui.cluster.configure.vsan.fileServiceShares",
            "isPublic": true,
            "labelKey": "com.vmware.vsan.client.h5vsanui.cluster.configure.vsan.fileServiceShares",
            "uri": "index.html?viewId=fileServiceShares&viewType=view",
            "relevanceFilteringConditions": {
              "booleanProperties": {
                "condition": [
                  [
                    "isVsanEnabled"
                  ],
                  [
                    "isFileServiceEnabled"
                  ],
                  [
                    "!isPoweredOff"
                  ]
                ],
                "resourceModels": [
                  "com.vmware.vsan.ClusterModel"
                ]
              }
            }
          },
          {
            "navigationId": "com.vmware.vsan.client.h5vsanui.cluster.configure.vsan.iscsiTargets",
            "isPublic": true,
            "labelKey": "com.vmware.vsan.client.h5vsanui.cluster.configure.vsan.iscsiTargets",
            "uri": "index.html?viewId=iscsiTargets&viewType=view",
            "relevanceFilteringConditions": {
              "booleanProperties": {
                "condition": [
                  [
                    "isVsanEnabled"
                  ],
                  [
                    "isIscsiEnabled"
                  ],
                  [
                    "!isPoweredOff"
                  ]
                ],
                "resourceModels": [
                  "com.vmware.vsan.ClusterModel"
                ]
              }
            }
          },
          {
            "navigationId": "com.vmware.vsan.client.h5vsanui.cluster.configure.vsan.csd",
            "isPublic": true,
            "labelKey": "com.vmware.vsan.client.h5vsanui.cluster.configure.vsan.csd",
            "uri": "index.html?viewId=datastoreSharing&viewType=view",
            "relevanceFilteringConditions": {
              "booleanProperties": {
                "condition": [
                  [
                    "isVsanEnabled",
                    "isComputeOnly"
                  ],
                  [
                    "!isPoweredOff"
                  ]
                ],
                "resourceModels": [
                  "com.vmware.vsan.ClusterModel"
                ]
              }
            }
          }
        ]
      },
      "monitor": {
        "forceExpand": true,
        "views": [
          {
            "navigationId": "com.vmware.vsan.client.h5vsanui.cluster.monitor.vsan.health",
            "isPublic": true,
            "labelKey": "com.vmware.vsan.client.h5vsanui.cluster.monitor.vsan.health",
            "uri": "index.html?viewId=health&viewType=view",
            "relevanceFilteringConditions": {
              "booleanProperties": {
                "condition": [
                  [
                    "isVsanEnabled",
                    "isComputeOnly"
                  ],
                  [
                    "!isPoweredOff"
                  ]
                ],
                "resourceModels": [
                  "com.vmware.vsan.ClusterModel"
                ]
              }
            }
          },
          {
            "navigationId": "com.vmware.vsan.client.h5vsanui.cluster.monitor.vsan.virtualObjects",
            "isPublic": true,
            "labelKey": "com.vmware.vsan.client.h5vsanui.cluster.monitor.vsan.virtualObjects",
            "uri": "index.html?viewId=virtualObjects&viewType=view",
            "relevanceFilteringConditions": {
              "booleanProperties": {
                "condition": [
                  [
                    "isVsanEnabled"
                  ],
                  [
                    "!isPoweredOff"
                  ]
                ],
                "resourceModels": [
                  "com.vmware.vsan.ClusterModel"
                ]
              }
            }
          },
          {
            "navigationId": "com.vmware.vsan.client.h5vsanui.cluster.monitor.vsan.resyncingComponents",
            "isPublic": true,
            "labelKey": "com.vmware.vsan.client.h5vsanui.cluster.monitor.vsan.resyncingComponents",
            "uri": "index.html?viewId=resyncingComponents&viewType=view",
            "relevanceFilteringConditions": {
              "booleanProperties": {
                "condition": [
                  [
                    "isVsanEnabled"
                  ],
                  [
                    "!isPoweredOff"
                  ]
                ],
                "resourceModels": [
                  "com.vmware.vsan.ClusterModel"
                ]
              }
            }
          },
          {
            "navigationId": "com.vmware.vsan.client.h5vsanui.cluster.monitor.vsan.proactiveTests",
            "isPublic": true,
            "labelKey": "com.vmware.vsan.client.h5vsanui.cluster.monitor.vsan.proactiveTests",
            "uri": "index.html?viewId=proactiveTests&viewType=view",
            "relevanceFilteringConditions": {
              "booleanProperties": {
                "condition": [
                  [
                    "isVsanEnabled",
                    "isComputeOnly"
                  ],
                  [
                    "!isPoweredOff"
                  ]
                ],
                "resourceModels": [
                  "com.vmware.vsan.ClusterModel"
                ]
              }
            }
          },
          {
            "navigationId": "com.vmware.vsan.client.h5vsanui.cluster.monitor.vsan.capacity",
            "isPublic": true,
            "labelKey": "com.vmware.vsan.client.h5vsanui.cluster.monitor.vsan.capacity",
            "uri": "index.html?viewId=capacity&viewType=view",
            "relevanceFilteringConditions": {
              "booleanProperties": {
                "condition": [
                  [
                    "isVsanEnabled",
                    "isComputeOnly"
                  ],
                  [
                    "!isPoweredOff"
                  ]
                ],
                "resourceModels": [
                  "com.vmware.vsan.ClusterModel"
                ]
              }
            }
          },
          {
            "navigationId": "com.vmware.vsan.client.h5vsanui.cluster.monitor.vsan.performance",
            "isPublic": true,
            "labelKey": "com.vmware.vsan.client.h5vsanui.cluster.monitor.vsan.performance",
            "uri": "index.html?viewId=performance&viewType=view",
            "relevanceFilteringConditions": {
              "booleanProperties": {
                "condition": [
                  [
                    "isVsanEnabled",
                    "isComputeOnly"
                  ],
                  [
                    "!isPoweredOff"
                  ]
                ],
                "resourceModels": [
                  "com.vmware.vsan.ClusterModel"
                ]
              }
            }
          },
          {
            "navigationId": "com.vmware.vsan.client.h5vsanui.cluster.monitor.vsan.performance.diagnostics",
            "isPublic": true,
            "labelKey": "com.vmware.vsan.client.h5vsanui.cluster.monitor.vsan.performance.diagnostics",
            "uri": "index.html?viewId=performanceDiagnostics&viewType=view",
            "relevanceFilteringConditions": {
              "booleanProperties": {
                "condition": [
                  [
                    "isVsanEnabled"
                  ],
                  [
                    "!isPoweredOff"
                  ]
                ],
                "resourceModels": [
                  "com.vmware.vsan.ClusterModel"
                ]
              },
              "privileges": [
                "Global.Diagnostics"
              ]
            }
          },
          {
            "navigationId": "com.vmware.vsan.client.h5vsanui.cluster.monitor.vsan.support",
            "isPublic": true,
            "labelKey": "com.vmware.vsan.client.h5vsanui.cluster.monitor.vsan.support",
            "uri": "index.html?viewId=support&viewType=view",
            "relevanceFilteringConditions": {
              "booleanProperties": {
                "condition": [
                  [
                    "isVsanEnabled"
                  ],
                  [
                    "!isPoweredOff"
                  ]
                ],
                "resourceModels": [
                  "com.vmware.vsan.ClusterModel"
                ]
              }
            }
          },
          {
            "navigationId": "com.vmware.vsan.client.h5vsanui.cluster.monitor.vsan.evacuationStatus",
            "isPublic": true,
            "labelKey": "com.vmware.vsan.client.h5vsanui.cluster.monitor.vsan.evacuationStatus",
            "uri": "index.html?viewId=evacuationStatus&viewType=view",
            "relevanceFilteringConditions": {
              "booleanProperties": {
                "condition": [
                  [
                    "isVsanEnabled"
                  ],
                  [
                    "!isPoweredOff"
                  ]
                ],
                "resourceModels": [
                  "com.vmware.vsan.ClusterModel"
                ]
              },
              "privileges": [
                "Host.Config.Maintenance"
              ]
            }
          },
          {
            "navigationId": "com.vmware.vsan.client.h5vsanui.cluster.monitor.vsan.fileanalytics",
            "isPublic": true,
            "labelKey": "com.vmware.vsan.client.h5vsanui.cluster.monitor.vsan.fileanalytics",
            "uri": "index.html?viewId=fileanalytics&viewType=view",
            "relevanceFilteringConditions": {
              "booleanProperties": {
                "condition": [
                  [
                    "isVsanEnabled"
                  ],
                  [
                    "isFileServiceEnabled"
                  ],
                  [
                    "!isPoweredOff"
                  ]
                ],
                "resourceModels": [
                  "com.vmware.vsan.ClusterModel"
                ]
              }
            }
          },
          {
            "navigationId": "com.vmware.vsan.client.h5vsanui.cluster.monitor.cns.volumes",
            "isPublic": true,
            "category": "com.vmware.cns",
            "labelKey": "com.vmware.vsan.client.h5vsanui.cluster.monitor.cns.volumes",
            "uri": "index.html?viewId=cnsVolumes&viewType=view",
            "relevanceFilteringConditions": {
              "privileges": [
                "Cns.Searchable"
              ]
            }
          }
        ],
        "definitions": {
          "categories": [
            {
              "id": "com.vmware.cns",
              "labelKey": "com.vmware.cns",
              "forceExpand": true
            }
          ]
        }
      },
      "menu": {
        "actions": [
          {
            "labelKey": "com.vmware.vsan.client.h5vsanui.cluster.configure",
            "trigger": {
              "type": "modal",
              "uri": "index.html?viewId=configureWizard&viewType=dialog",
              "size": {
                "width": 1200,
                "height": 700
              },
              "closable": false
            },
            "relevanceFilteringConditions": {
              "booleanProperties": {
                "condition": [
                  [
                    "!isVsanEnabled"
                  ],
                  [
                    "!isEmpty"
                  ],
                  [
                    "!isComputeOnly"
                  ]
                ],
                "resourceModels": [
                  "com.vmware.vsan.ClusterModel"
                ]
              },
              "privileges": [
                "Host.Inventory.EditCluster"
              ]
            }
          },
          {
            "labelKey": "com.vmware.vsan.client.h5vsanui.cluster.configureEmpty",
            "trigger": {
              "type": "modal",
              "uri": "index.html?viewId=configureWizard/emptyCluster&viewType=dialog",
              "size": {
                "width": 700,
                "height": 530
              },
              "closable": false
            },
            "relevanceFilteringConditions": {
              "booleanProperties": {
                "condition": [
                  [
                    "!isVsanEnabled"
                  ],
                  [
                    "isEmpty"
                  ],
                  [
                    "!isComputeOnly"
                  ]
                ],
                "resourceModels": [
                  "com.vmware.vsan.ClusterModel"
                ]
              },
              "privileges": [
                "Host.Inventory.EditCluster"
              ]
            }
          },
          {
            "labelKey": "com.vmware.vsan.client.h5vsanui.cluster.assignSharedWitness",
            "trigger": {
              "type": "modal",
              "uri": "index.html?viewId=sharedWitnessWizard/reassignWitnessPrecheck&viewType=dialog",
              "size": {
                "width": 1200,
                "height": 260
              },
              "closable": false
            },
            "acceptsMultipleTargets": true,
            "relevanceFilteringConditions": {
              "booleanProperties": {
                "condition": [
                  [
                    "hasTwoHosts"
                  ],
                  [
                    "isStretchedCluster"
                  ],
                  [
                    "!isPoweredOff"
                  ]
                ],
                "resourceModels": [
                  "com.vmware.vsan.ClusterModel"
                ]
              },
              "privileges": [
                "Host.Inventory.EditCluster"
              ]
            }
          },
          {
            "labelKey": "com.vmware.vsan.client.h5vsanui.cluster.shutdown",
            "trigger": {
              "type": "modal",
              "uri": "index.html?viewId=clusterPowerOff&viewType=dialog",
              "size": {
                "width": 950,
                "height": 750
              },
              "closable": false
            },
            "relevanceFilteringConditions": {
              "booleanProperties": {
                "condition": [
                  [
                    "isVsanEnabled"
                  ],
                  [
                    "!isEmpty"
                  ],
                  [
                    "isPoweredOn",
                    "isPoweringOff"
                  ]
                ],
                "resourceModels": [
                  "com.vmware.vsan.ClusterModel"
                ]
              },
              "privileges": [
                "Host.Inventory.EditCluster",
                "Host.Config.Power"
              ]
            },
            "availabilityFilteringConditions": {
              "booleanProperties": {
                "condition": [
                  [
                    "isPoweredOn"
                  ]
                ],
                "resourceModels": [
                  "com.vmware.vsan.ClusterModel"
                ]
              }
            }
          },
          {
            "labelKey": "com.vmware.vsan.client.h5vsanui.cluster.poweron",
            "trigger": {
              "type": "modal",
              "uri": "index.html?viewId=clusterPowerOn&viewType=dialog",
              "size": {
                "width": 600,
                "height": 230
              },
              "closable": false
            },
            "relevanceFilteringConditions": {
              "booleanProperties": {
                "condition": [
                  [
                    "isVsanEnabled"
                  ],
                  [
                    "isPoweredOff",
                    "isPoweringOn"
                  ]
                ],
                "resourceModels": [
                  "com.vmware.vsan.ClusterModel"
                ]
              },
              "privileges": [
                "Host.Inventory.EditCluster",
                "Host.Config.Power"
              ]
            },
            "availabilityFilteringConditions": {
              "booleanProperties": {
                "condition": [
                  [
                    "isPoweredOff"
                  ]
                ],
                "resourceModels": [
                  "com.vmware.vsan.ClusterModel"
                ]
              }
            }
          },
          {
            "labelKey": "com.vmware.vsan.client.h5vsanui.cluster.newIoInsight",
            "trigger": {
              "type": "modal",
              "uri": "index.html?viewId=ioInsightWizard/newIoInsightWizard&viewType=dialog",
              "size": {
                "width": 900,
                "height": 530
              },
              "closable": false
            },
            "relevanceFilteringConditions": {
              "booleanProperties": {
                "condition": [
                  [
                    "isVsanEnabled"
                  ],
                  [
                    "isPerfsvcEnabled"
                  ],
                  [
                    "!isPoweredOff"
                  ]
                ],
                "resourceModels": [
                  "com.vmware.vsan.ClusterModel"
                ]
              },
              "privileges": [
                "Global.Diagnostics"
              ]
            }
          },
          {
            "labelKey": "com.vmware.vsan.client.h5vsanui.cluster.uploadSupportBundle",
            "trigger": {
              "type": "modal",
              "uri": "index.html?viewId=support_uploadBundle&viewType=dialog",
              "size": {
                "width": 800,
                "height": 375
              },
              "closable": false
            },
            "relevanceFilteringConditions": {
              "booleanProperties": {
                "condition": [
                  [
                    "isVsanEnabled"
                  ]
                ],
                "resourceModels": [
                  "com.vmware.vsan.ClusterModel"
                ]
              },
              "privileges": [
                "Global.Diagnostics"
              ]
            }
          }
        ]
      }
    },
    "HostSystem": {
      "monitor": {
        "forceExpand": true,
        "views": [
          {
            "navigationId": "com.vmware.vsan.client.h5vsanui.host.monitor.vsan.performance",
            "isPublic": true,
            "labelKey": "com.vmware.vsan.client.h5vsanui.host.monitor.vsan.performance",
            "uri": "index.html?viewId=performance&viewType=view",
            "relevanceFilteringConditions": {
              "booleanProperties": {
                "condition": [
                  [
                    "isVsanEnabledOnCluster",
                    "isClusterComputeOnly"
                  ],
                  [
                    "!isVsanClusterPoweredOff"
                  ]
                ],
                "resourceModels": [
                  "com.vmware.vsan.HostModel"
                ]
              }
            }
          },
          {
            "navigationId": "com.vmware.vsan.client.h5vsanui.host.monitor.vsan.sharedWitnessClustersList",
            "isPublic": true,
            "labelKey": "com.vmware.vsan.client.h5vsanui.host.monitor.vsan.sharedWitnessClustersList",
            "uri": "index.html?viewId=sharedWitness&viewType=view",
            "relevanceFilteringConditions": {
              "booleanProperties": {
                "condition": [
                  [
                    "isInSharedMode",
                    "hasWitnessedClusterWithTwoHosts",
                    "isWitnessAppliance"
                  ],
                  [
                    "isInSharedMode",
                    "hasWitnessedClusterWithTwoHosts",
                    "!witnessedCluster"
                  ],
                  [
                    "!isVsanClusterPoweredOff"
                  ]
                ],
                "resourceModels": [
                  "com.vmware.vsan.HostModel"
                ]
              }
            }
          },
          {
            "navigationId": "com.vmware.vsan.client.h5vsanui.host.monitor.health",
            "isPublic": true,
            "category": "none",
            "labelKey": "com.vmware.vsan.client.h5vsanui.host.monitor.health",
            "uri": "index.html?viewId=health&vsphereHealth=true&viewType=view"
          }
        ]
      },
      "menu": {
        "actions": [
          {
            "labelKey": "com.vmware.vsan.client.h5vsanui.host.assignAsWitness",
            "trigger": {
              "type": "modal",
              "uri": "index.html?viewId=sharedWitnessWizard/addClustersPrecheck&viewType=dialog",
              "size": {
                "width": 1200,
                "height": 260
              },
              "closable": false
            },
            "acceptsMultipleTargets": true,
            "relevanceFilteringConditions": {
              "booleanProperties": {
                "condition": [
                  [
                    "isInSharedMode",
                    "hasWitnessedClusterWithTwoHosts",
                    "isWitnessAppliance"
                  ],
                  [
                    "isInSharedMode",
                    "hasWitnessedClusterWithTwoHosts",
                    "!witnessedCluster"
                  ],
                  [
                    "!isVsanClusterPoweredOff"
                  ]
                ],
                "resourceModels": [
                  "com.vmware.vsan.HostModel"
                ]
              },
              "privileges": [
                "Host.Inventory.EditCluster"
              ]
            }
          },
          {
            "labelKey": "com.vmware.vsan.client.h5vsanui.host.newIoInsight",
            "trigger": {
              "type": "modal",
              "uri": "index.html?viewId=ioInsightWizard/newIoInsightWizard&viewType=dialog",
              "size": {
                "width": 900,
                "height": 530
              },
              "closable": false
            },
            "relevanceFilteringConditions": {
              "booleanProperties": {
                "condition": [
                  [
                    "isVsanEnabledOnCluster"
                  ],
                  [
                    "isPerfSvcConfigEnabledOnCluster"
                  ],
                  [
                    "!inMaintenanceMode"
                  ],
                  [
                    "isConnected"
                  ],
                  [
                    "!isVsanClusterPoweredOff"
                  ]
                ],
                "resourceModels": [
                  "com.vmware.vsan.HostModel"
                ]
              },
              "privileges": [
                "Global.Diagnostics"
              ]
            }
          }
        ]
      }
    },
    "VirtualMachine": {
      "monitor": {
        "forceExpand": true,
        "views": [
          {
            "navigationId": "com.vmware.vsan.client.h5vsanui.vm.monitor.vsan.diskPlacement",
            "isPublic": true,
            "labelKey": "com.vmware.vsan.client.h5vsanui.vm.monitor.vsan.diskPlacement",
            "uri": "index.html?viewId=vmDiskPlacement&viewType=view",
            "relevanceFilteringConditions": {
              "booleanProperties": {
                "condition": [
                  [
                    "config/vmStorageObjectId"
                  ],
                  [
                    "!isVsanClusterPoweredOff"
                  ]
                ],
                "resourceModels": [
                  "VirtualMachine"
                ]
              }
            }
          },
          {
            "navigationId": "com.vmware.vsan.client.h5vsanui.vm.monitor.vsan.performance",
            "isPublic": true,
            "labelKey": "com.vmware.vsan.client.h5vsanui.vm.monitor.vsan.performance",
            "uri": "index.html?viewId=performance&viewType=view",
            "relevanceFilteringConditions": {
              "booleanProperties": {
                "condition": [
                  [
                    "config/vmStorageObjectId"
                  ],
                  [
                    "!isVsanClusterPoweredOff"
                  ]
                ],
                "resourceModels": [
                  "VirtualMachine"
                ]
              }
            }
          },
          {
            "navigationId": "com.vmware.vsan.client.h5vsanui.vm.monitor.vsan.iodiagnostics",
            "isPublic": true,
            "labelKey": "com.vmware.vsan.client.h5vsanui.vm.monitor.vsan.iodiagnostics",
            "uri": "index.html?viewId=vmIoDiagnostics&viewType=view",
            "relevanceFilteringConditions": {
              "booleanProperties": {
                "condition": [
                  [
                    "config/vmStorageObjectId"
                  ],
                  [
                    "!isVsanClusterPoweredOff"
                  ]
                ],
                "resourceModels": [
                  "VirtualMachine"
                ]
              },
              "privileges": [
                "Global.Diagnostics"
              ]
            }
          }
        ]
      },
      "menu": {
        "actions": [
          {
            "labelKey": "com.vmware.vsan.client.h5vsanui.vm.newIoInsight",
            "trigger": {
              "type": "modal",
              "uri": "index.html?viewId=ioInsightWizard/newIoInsightWizard&viewType=dialog",
              "size": {
                "width": 900,
                "height": 530
              },
              "closable": false
            },
            "relevanceFilteringConditions": {
              "booleanProperties": {
                "condition": [
                  [
                    "isVsanEnabledOnCluster"
                  ],
                  [
                    "isPerfSvcConfigEnabledOnCluster"
                  ],
                  [
                    "!isHostInMaintenanceMode"
                  ],
                  [
                    "isHostConnected"
                  ],
                  [
                    "isPoweredOn"
                  ],
                  [
                    "!isVsanClusterPoweredOff"
                  ]
                ],
                "resourceModels": [
                  "VirtualMachine"
                ]
              },
              "privileges": [
                "Global.Diagnostics"
              ]
            }
          }
        ]
      }
    },
    "Datastore": {
      "summary": {
        "view": {
          "uri": "index.html?viewId=capacityPortlet/datastore&viewType=view",
          "size": {
            "widthSpan": 1,
            "heightSpan": 2
          },
          "relevanceFilteringConditions": {
            "booleanProperties": {
              "condition": [
                [
                  "isVsanType"
                ],
                [
                  "!isVsanClusterPoweredOff"
                ]
              ],
              "resourceModels": [
                "Datastore"
              ]
            }
          }
        }
      },
      "monitor": {
        "forceExpand": true,
        "views": [
          {
            "navigationId": "com.vmware.vsan.client.h5vsanui.datastore.monitor.vsan.capacity",
            "isPublic": true,
            "labelKey": "com.vmware.vsan.client.h5vsanui.datastore.monitor.vsan.capacity",
            "uri": "index.html?viewId=capacity&viewType=view",
            "relevanceFilteringConditions": {
              "booleanProperties": {
                "condition": [
                  [
                    "isVsanType"
                  ],
                  [
                    "!isVsanClusterPoweredOff"
                  ]
                ],
                "resourceModels": [
                  "Datastore"
                ]
              }
            }
          },
          {
            "navigationId": "com.vmware.vsan.client.h5vsanui.datastore.monitor.cns.volumes",
            "isPublic": true,
            "category": "com.vmware.cns",
            "labelKey": "com.vmware.vsan.client.h5vsanui.datastore.monitor.cns.volumes",
            "uri": "index.html?viewId=cnsVolumes&viewType=view",
            "relevanceFilteringConditions": {
              "privileges": [
                "Cns.Searchable"
              ]
            }
          }
        ],
        "definitions": {
          "categories": [
            {
              "id": "com.vmware.cns",
              "labelKey": "com.vmware.cns",
              "forceExpand": true
            }
          ]
        }
      }
    },
    "Datacenter": {
      "monitor": {
        "forceExpand": true,
        "views": [
          {
            "navigationId": "com.vmware.vsan.client.h5vsanui.datacenter.monitor.cns.volumes",
            "isPublic": true,
            "category": "com.vmware.cns",
            "labelKey": "com.vmware.vsan.client.h5vsanui.datacenter.monitor.cns.volumes",
            "uri": "index.html?viewId=cnsVolumes&viewType=view",
            "relevanceFilteringConditions": {
              "privileges": [
                "Cns.Searchable"
              ]
            }
          }
        ],
        "definitions": {
          "categories": [
            {
              "id": "com.vmware.cns",
              "labelKey": "com.vmware.cns",
              "forceExpand": true
            }
          ]
        }
      }
    },
    "Folder:RootFolder": {
      "configure": {
        "views": [
          {
            "navigationId": "com.vmware.vsan.client.h5vsanui.folder.configure.update",
            "isPublic": true,
            "labelKey": "com.vmware.vsan.client.h5vsanui.folder.configure.update",
            "uri": "index.html?viewId=update&viewType=view"
          },
          {
            "navigationId": "com.vmware.vsan.client.h5vsanui.folder.configure.internetConnectivity",
            "isPublic": true,
            "labelKey": "com.vmware.vsan.client.h5vsanui.folder.configure.internetConnectivity",
            "uri": "index.html?viewId=internetConnectivity&viewType=view"
          }
        ]
      },
      "monitor": {
        "forceExpand": true,
        "views": [
          {
            "navigationId": "com.vmware.vsan.client.h5vsanui.folder.monitor.cns.volumes",
            "isPublic": true,
            "category": "com.vmware.cns",
            "labelKey": "com.vmware.vsan.client.h5vsanui.folder.monitor.cns.volumes",
            "uri": "index.html?viewId=cnsVolumes&viewType=view",
            "relevanceFilteringConditions": {
              "privileges": [
                "Cns.Searchable"
              ]
            }
          },
          {
            "navigationId": "com.vmware.vsan.client.h5vsanui.folder.monitor.health",
            "isPublic": true,
            "category": "none",
            "labelKey": "com.vmware.vsan.client.h5vsanui.folder.monitor.health",
            "uri": "index.html?viewId=health&vsphereHealth=true&viewType=view"
          }
        ],
        "definitions": {
          "categories": [
            {
              "id": "com.vmware.cns",
              "labelKey": "com.vmware.cns",
              "forceExpand": true
            }
          ]
        }
      }
    }
  },
  "definitions": {
    "i18n": {
      "locales": [
        "en-US",
        "de-DE",
        "es-ES",
        "fr-FR",
        "ja-JP",
        "ko-KR",
        "zh-CN",
        "zh-TW"
      ],
      "definitions": {
        "plugin.name": {
          "en-US": "vSAN",
          "de-DE": "vSAN",
          "es-ES": "vSAN",
          "fr-FR": "vSAN",
          "ja-JP": "vSAN",
          "ko-KR": "vSAN",
          "zh-CN": "vSAN",
          "zh-TW": "vSAN"
        },
        "com.vmware.cns": {
          "en-US": "Cloud Native Storage",
          "de-DE": "Cloudnativer Speicher",
          "es-ES": "Almacenamiento nativo en la nube",
          "fr-FR": "Stockage cloud natif",
          "ja-JP": "クラウド ネイティブ ストレージ",
          "ko-KR": "클라우드 네이티브 스토리지",
          "zh-CN": "云原生存储",
          "zh-TW": "雲端原生儲存"
        },
        "com.vmware.vsan.client.h5vsanui.cluster.configure.vsan.generalConfig": {
          "en-US": "Services",
          "de-DE": "Dienste",
          "es-ES": "Servicios",
          "fr-FR": "Services",
          "ja-JP": "サービス",
          "ko-KR": "서비스",
          "zh-CN": "服务",
          "zh-TW": "服務"
        },
        "com.vmware.vsan.client.h5vsanui.cluster.configure.vsan.diskManagement": {
          "en-US": "Disk Management",
          "de-DE": "Festplattenverwaltung",
          "es-ES": "Administración de discos",
          "fr-FR": "Gestion de disques",
          "ja-JP": "ディスク管理",
          "ko-KR": "디스크 관리",
          "zh-CN": "磁盘管理",
          "zh-TW": "磁碟管理"
        },
        "com.vmware.vsan.client.h5vsanui.cluster.configure.vsan.faultDomains": {
          "en-US": "Fault Domains",
          "de-DE": "Fehlerdomänen",
          "es-ES": "Dominios de errores",
          "fr-FR": "Domaines de pannes",
          "ja-JP": "フォルト ドメイン",
          "ko-KR": "장애 도메인",
          "zh-CN": "故障域",
          "zh-TW": "容錯網域"
        },
        "com.vmware.vsan.client.h5vsanui.cluster.configure.vsan.fileServiceShares": {
          "en-US": "File Shares",
          "de-DE": "Dateifreigaben",
          "es-ES": "Recursos compartidos de archivos",
          "fr-FR": "Partages de fichiers",
          "ja-JP": "ファイル共有",
          "ko-KR": "파일 공유",
          "zh-CN": "文件共享",
          "zh-TW": "檔案共用"
        },
        "com.vmware.vsan.client.h5vsanui.cluster.configure.vsan.iscsiTargets": {
          "en-US": "iSCSI Targets",
          "de-DE": "iSCSI-Ziele",
          "es-ES": "Destinos iSCSI",
          "fr-FR": "Cibles iSCSI",
          "ja-JP": "iSCSI ターゲット",
          "ko-KR": "iSCSI 대상",
          "zh-CN": "iSCSI 目标",
          "zh-TW": "iSCSI 目標"
        },
        "com.vmware.vsan.client.h5vsanui.cluster.configure.vsan.csd": {
          "en-US": "Remote Datastores",
          "de-DE": "Remote-Daten-Stores",
          "es-ES": "Almacenes de datos remotos",
          "fr-FR": "Banques de données distantes",
          "ja-JP": "リモート データストア",
          "ko-KR": "원격 데이터스토어",
          "zh-CN": "远程数据存储",
          "zh-TW": "遠端資料存放區"
        },
        "com.vmware.vsan.client.h5vsanui.cluster.monitor.vsan.health": {
          "en-US": "Skyline Health",
          "de-DE": "Skyline-Integrität",
          "es-ES": "Skyline Health",
          "fr-FR": "Santé de Skyline",
          "ja-JP": "Skyline Health",
          "ko-KR": "Skyline 상태",
          "zh-CN": "Skyline 运行状况",
          "zh-TW": "Skyline 健全狀況"
        },
        "com.vmware.vsan.client.h5vsanui.cluster.monitor.vsan.virtualObjects": {
          "en-US": "Virtual Objects",
          "de-DE": "Virtuelle Objekte",
          "es-ES": "Objetos virtuales",
          "fr-FR": "Objets virtuels",
          "ja-JP": "仮想オブジェクト",
          "ko-KR": "가상 개체",
          "zh-CN": "虚拟对象",
          "zh-TW": "虛擬物件"
        },
        "com.vmware.vsan.client.h5vsanui.cluster.monitor.vsan.resyncingComponents": {
          "en-US": "Resyncing Objects",
          "de-DE": "Neusynchronisieren von Objekten",
          "es-ES": "Resincronización de objetos",
          "fr-FR": "Objets de resynchronisation",
          "ja-JP": "オブジェクトの再同期",
          "ko-KR": "개체 다시 동기화",
          "zh-CN": "重新同步对象",
          "zh-TW": "重新同步物件"
        },
        "com.vmware.vsan.client.h5vsanui.cluster.monitor.vsan.proactiveTests": {
          "en-US": "Proactive Tests",
          "de-DE": "Proaktive Tests",
          "es-ES": "Pruebas proactivas",
          "fr-FR": "Tests proactifs",
          "ja-JP": "プロアクティブ テスト",
          "ko-KR": "능동 테스트",
          "zh-CN": "主动测试",
          "zh-TW": "主動測試"
        },
        "com.vmware.vsan.client.h5vsanui.cluster.monitor.vsan.capacity": {
          "en-US": "Capacity",
          "de-DE": "Kapazität",
          "es-ES": "Capacidad",
          "fr-FR": "Capacité",
          "ja-JP": "容量",
          "ko-KR": "용량",
          "zh-CN": "容量",
          "zh-TW": "容量"
        },
        "com.vmware.vsan.client.h5vsanui.cluster.monitor.vsan.performance": {
          "en-US": "Performance",
          "de-DE": "Leistung",
          "es-ES": "Rendimiento",
          "fr-FR": "Performances",
          "ja-JP": "パフォーマンス",
          "ko-KR": "성능",
          "zh-CN": "性能",
          "zh-TW": "效能"
        },
        "com.vmware.vsan.client.h5vsanui.cluster.monitor.vsan.performance.diagnostics": {
          "en-US": "Performance Diagnostics",
          "de-DE": "Leistungsdiagnose",
          "es-ES": "Diagnósticos de rendimiento",
          "fr-FR": "Diagnostics de performances",
          "ja-JP": "パフォーマンス診断",
          "ko-KR": "성능 진단",
          "zh-CN": "性能诊断",
          "zh-TW": "效能診斷"
        },
        "com.vmware.vsan.client.h5vsanui.cluster.monitor.vsan.support": {
          "en-US": "Support",
          "de-DE": "Support",
          "es-ES": "Soporte",
          "fr-FR": "Support",
          "ja-JP": "サポート",
          "ko-KR": "지원",
          "zh-CN": "支持",
          "zh-TW": "支援"
        },
        "com.vmware.vsan.client.h5vsanui.cluster.monitor.vsan.evacuationStatus": {
          "en-US": "Data Migration Pre-check",
          "de-DE": "Vorabprüfung für Datenmigration",
          "es-ES": "Comprobación previa a la migración de datos",
          "fr-FR": "Prévérification de la migration des données",
          "ja-JP": "データ移行の事前チェック",
          "ko-KR": "데이터 마이그레이션 사전 검사",
          "zh-CN": "数据迁移预检查",
          "zh-TW": "資料移轉預先檢查"
        },
        "com.vmware.vsan.client.h5vsanui.cluster.monitor.vsan.fileanalytics": {
          "en-US": "File Analytics",
          "de-DE": "Dateianalysen",
          "es-ES": "Análisis de archivos",
          "fr-FR": "Analyse de fichiers",
          "ja-JP": "ファイル分析",
          "ko-KR": "파일 분석",
          "zh-CN": "文件分析",
          "zh-TW": "檔案分析"
        },
        "com.vmware.vsan.client.h5vsanui.host.monitor.vsan.performance": {
          "en-US": "Performance",
          "de-DE": "Leistung",
          "es-ES": "Rendimiento",
          "fr-FR": "Performances",
          "ja-JP": "パフォーマンス",
          "ko-KR": "성능",
          "zh-CN": "性能",
          "zh-TW": "效能"
        },
        "com.vmware.vsan.client.h5vsanui.host.monitor.vsan.sharedWitnessClustersList": {
          "en-US": "Two Node Clusters",
          "de-DE": "Zwei Knotencluster",
          "es-ES": "Clústeres de dos nodos",
          "fr-FR": "Clusters à deux nœuds",
          "ja-JP": "2 ノード構成のクラスタ",
          "ko-KR": "2개 노드 클러스터",
          "zh-CN": "双节点集群",
          "zh-TW": "雙節點叢集"
        },
        "com.vmware.vsan.client.h5vsanui.vm.monitor.vsan.diskPlacement": {
          "en-US": "Physical disk placement",
          "de-DE": "Platzierung physischer Festplatten",
          "es-ES": "Colocación de discos físicos",
          "fr-FR": "Emplacement physique du disque",
          "ja-JP": "物理ディスクの配置",
          "ko-KR": "물리적 디스크 배치",
          "zh-CN": "物理磁盘放置",
          "zh-TW": "實體磁碟放置"
        },
        "com.vmware.vsan.client.h5vsanui.vm.monitor.vsan.performance": {
          "en-US": "Performance",
          "de-DE": "Leistung",
          "es-ES": "Rendimiento",
          "fr-FR": "Performances",
          "ja-JP": "パフォーマンス",
          "ko-KR": "성능",
          "zh-CN": "性能",
          "zh-TW": "效能"
        },
        "com.vmware.vsan.client.h5vsanui.vm.monitor.vsan.iodiagnostics": {
          "en-US": "I/O Trip Analyzer",
          "de-DE": "E/A-Tripanalyse",
          "es-ES": "Analizador de recorrido de E/S",
          "fr-FR": "Analyseur de déplacement d'E/S",
          "ja-JP": "I/O トリップ アナライザ",
          "ko-KR": "I/O 트립 분석기",
          "zh-CN": "I/O 行程分析器",
          "zh-TW": "I/O 行程分析器"
        },
        "com.vmware.vsan.client.h5vsanui.datastore.monitor.vsan.capacity": {
          "en-US": "Capacity",
          "de-DE": "Kapazität",
          "es-ES": "Capacidad",
          "fr-FR": "Capacité",
          "ja-JP": "容量",
          "ko-KR": "용량",
          "zh-CN": "容量",
          "zh-TW": "容量"
        },
        "com.vmware.vsan.client.h5vsanui.folder.configure.update": {
          "en-US": "Update",
          "de-DE": "Aktualisieren",
          "es-ES": "Actualizar",
          "fr-FR": "Mettre à jour",
          "ja-JP": "更新",
          "ko-KR": "업데이트",
          "zh-CN": "更新",
          "zh-TW": "更新"
        },
        "com.vmware.vsan.client.h5vsanui.folder.configure.internetConnectivity": {
          "en-US": "Internet Connectivity",
          "de-DE": "Internetverbindung",
          "es-ES": "Conectividad de Internet",
          "fr-FR": "Connectivité Internet",
          "ja-JP": "インターネット接続",
          "ko-KR": "인터넷 연결",
          "zh-CN": "Internet 连接",
          "zh-TW": "網際網路連線"
        },
        "com.vmware.vsan.client.h5vsanui.cluster.configure": {
          "en-US": "Configure...",
          "de-DE": "Konfigurieren...",
          "es-ES": "Configurar...",
          "fr-FR": "Configurer...",
          "ja-JP": "構成...",
          "ko-KR": "구성...",
          "zh-CN": "配置...",
          "zh-TW": "設定..."
        },
        "com.vmware.vsan.client.h5vsanui.cluster.configureEmpty": {
          "en-US": "Configure...",
          "de-DE": "Konfigurieren...",
          "es-ES": "Configurar...",
          "fr-FR": "Configurer...",
          "ja-JP": "構成...",
          "ko-KR": "구성...",
          "zh-CN": "配置...",
          "zh-TW": "設定..."
        },
        "com.vmware.vsan.client.h5vsanui.cluster.assignSharedWitness": {
          "en-US": "Assign shared witness...",
          "de-DE": "Gemeinsam genutzten Zeugen zuweisen...",
          "es-ES": "Asignar testigo compartido...",
          "fr-FR": "Attribuer un témoin partagé...",
          "ja-JP": "共有監視の割り当て...",
          "ko-KR": "공유 감시 할당...",
          "zh-CN": "分配共享的见证主机...",
          "zh-TW": "指派共用見證..."
        },
        "com.vmware.vsan.client.h5vsanui.host.assignAsWitness": {
          "en-US": "Assign as shared witness host",
          "de-DE": "Als gemeinsam genutzten Zeugenhost zuweisen",
          "es-ES": "Asignar como host testigo compartido",
          "fr-FR": "Attribuer en tant qu'hôte témoin partagé",
          "ja-JP": "共有監視ホストとして割り当て",
          "ko-KR": "공유 감시 호스트로 할당",
          "zh-CN": "分配为共享见证主机",
          "zh-TW": "指派為共用的見證主機"
        },
        "com.vmware.vsan.client.h5vsanui.cluster.shutdown": {
          "en-US": "Shutdown cluster",
          "de-DE": "Cluster herunterfahren",
          "es-ES": "Apagar clúster",
          "fr-FR": "Arrêter le cluster",
          "ja-JP": "クラスタのシャットダウン",
          "ko-KR": "클러스터 종료",
          "zh-CN": "关闭集群",
          "zh-TW": "關閉叢集"
        },
        "com.vmware.vsan.client.h5vsanui.cluster.poweron": {
          "en-US": "Restart cluster",
          "de-DE": "Neustart des Clusters",
          "es-ES": "Reiniciar clúster",
          "fr-FR": "Redémarrer le cluster",
          "ja-JP": "クラスタの再起動",
          "ko-KR": "클러스터 다시 시작",
          "zh-CN": "重新启动集群",
          "zh-TW": "重新啟動叢集"
        },
        "com.vmware.vsan.client.h5vsanui.cluster.newIoInsight": {
          "en-US": "New IOInsight instance",
          "de-DE": "Neue IOInsight-Instanz",
          "es-ES": "Nueva instancia de IOInsight",
          "fr-FR": "Nouvelle instance d'IOInsight",
          "ja-JP": "新しい IOInsight インスタンス",
          "ko-KR": "새 IOInsight 인스턴스",
          "zh-CN": "新建 IOInsight 实例",
          "zh-TW": "新 IOInsight 執行個體"
        },
        "com.vmware.vsan.client.h5vsanui.host.newIoInsight": {
          "en-US": "New IOInsight instance",
          "de-DE": "Neue IOInsight-Instanz",
          "es-ES": "Nueva instancia de IOInsight",
          "fr-FR": "Nouvelle instance d'IOInsight",
          "ja-JP": "新しい IOInsight インスタンス",
          "ko-KR": "새 IOInsight 인스턴스",
          "zh-CN": "新建 IOInsight 实例",
          "zh-TW": "新 IOInsight 執行個體"
        },
        "com.vmware.vsan.client.h5vsanui.vm.newIoInsight": {
          "en-US": "New IOInsight instance",
          "de-DE": "Neue IOInsight-Instanz",
          "es-ES": "Nueva instancia de IOInsight",
          "fr-FR": "Nouvelle instance d'IOInsight",
          "ja-JP": "新しい IOInsight インスタンス",
          "ko-KR": "새 IOInsight 인스턴스",
          "zh-CN": "新建 IOInsight 实例",
          "zh-TW": "新 IOInsight 執行個體"
        },
        "com.vmware.vsan.client.h5vsanui.cluster.uploadSupportBundle": {
          "en-US": "Upload support bundle...",
          "de-DE": "Support-Paket hochladen...",
          "es-ES": "Cargar paquete de soporte...",
          "fr-FR": "Télécharger un bundle de support...",
          "ja-JP": "サポート バンドルのアップロード...",
          "ko-KR": "지원 번들 업로드...",
          "zh-CN": "上载支持包...",
          "zh-TW": "上傳支援服務包..."
        },
        "com.vmware.vsan.client.h5vsanui.datastore.monitor.cns.volumes": {
          "en-US": "Container Volumes",
          "de-DE": "Container-Volumes",
          "es-ES": "Volúmenes contenedores",
          "fr-FR": "Volumes de conteneur",
          "ja-JP": "ンテナ ボリューム",
          "ko-KR": "컨테이너 볼륨",
          "zh-CN": "容器卷",
          "zh-TW": "容器磁碟區"
        },
        "com.vmware.vsan.client.h5vsanui.folder.monitor.cns.volumes": {
          "en-US": "Container Volumes",
          "de-DE": "Container-Volumes",
          "es-ES": "Volúmenes contenedores",
          "fr-FR": "Volumes de conteneur",
          "ja-JP": "ンテナ ボリューム",
          "ko-KR": "컨테이너 볼륨",
          "zh-CN": "容器卷",
          "zh-TW": "容器磁碟區"
        },
        "com.vmware.vsan.client.h5vsanui.cluster.monitor.cns.volumes": {
          "en-US": "Container Volumes",
          "de-DE": "Container-Volumes",
          "es-ES": "Volúmenes contenedores",
          "fr-FR": "Volumes de conteneur",
          "ja-JP": "ンテナ ボリューム",
          "ko-KR": "컨테이너 볼륨",
          "zh-CN": "容器卷",
          "zh-TW": "容器磁碟區"
        },
        "com.vmware.vsan.client.h5vsanui.datacenter.monitor.cns.volumes": {
          "en-US": "Container Volumes",
          "de-DE": "Container-Volumes",
          "es-ES": "Volúmenes contenedores",
          "fr-FR": "Volumes de conteneur",
          "ja-JP": "ンテナ ボリューム",
          "ko-KR": "컨테이너 볼륨",
          "zh-CN": "容器卷",
          "zh-TW": "容器磁碟區"
        },
        "com.vmware.vsan.client.h5vsanui.folder.monitor.health": {
          "en-US": "Skyline Health",
          "de-DE": "Skyline-Integrität",
          "es-ES": "Skyline Health",
          "fr-FR": "Santé de Skyline",
          "ja-JP": "Skyline Health",
          "ko-KR": "Skyline 상태",
          "zh-CN": "Skyline 运行状况",
          "zh-TW": "Skyline 健全狀況"
        },
        "com.vmware.vsan.client.h5vsanui.host.monitor.health": {
          "en-US": "Skyline Health",
          "de-DE": "Skyline-Integrität",
          "es-ES": "Skyline Health",
          "fr-FR": "Santé de Skyline",
          "ja-JP": "Skyline Health",
          "ko-KR": "Skyline 상태",
          "zh-CN": "Skyline 运行状况",
          "zh-TW": "Skyline 健全狀況"
        }
      }
    }
  }
}
