<?xml version="1.0" encoding="UTF-8"?>
<pluginPackage id="com.vmware.vsphere.client.h5vsan"
               version="6.7.0.20000"
               type="html"
               name="H5 vSAN Client"
               description="vSAN H5 Client"
               vendor="VMware">

   <dependencies>
      <pluginPackage id="com.vmware.vsphere.client" version="6.5.0" />
      <pluginPackage id="com.vmware.vsphere.client.html" version="6.5.0" />
   </dependencies>

   <bundlesOrder>
      <bundle id="com.vmware.vsan.vmodl"/>
      <bundle id="com.vmware.proxygen.ts"/>
      <bundle id="com.vmware.vsan.client.h5-vsan-service"/>
      <bundle id="com.vmware.vsan.client.h5-vsan-context"/>
   </bundlesOrder>

</pluginPackage>
